payee_id,payee_name,payee_type
PAYEE-001,Foundry Supplies,BUSINESS
PAYEE-002,Harbor Services,BUSINESS
PAYEE-003,Kwame Rossi,INDIVIDUAL
PAYEE-004,Diego Okafor,INDIVIDUAL
PAYEE-005,Bluepeak Distributors,BUSINESS
PAYEE-006,Summit Supplies,BUSINESS
PAYEE-007,Maple Supplies,BUSINESS
PAYEE-008,Dara Reyes,INDIVIDUAL
PAYEE-009,Willow Systems,BUSINESS
PAYEE-010,Willow Holdings,BUSINESS
PAYEE-011,Grace Rossi,INDIVIDUAL
PAYEE-012,Ingrid Reyes,INDIVIDUAL
PAYEE-013,Willow Traders,BUSINESS
PAYEE-014,Fatima Petrov,INDIVIDUAL
PAYEE-015,Omar Novak,INDIVIDUAL
PAYEE-016,Ironwood Holdings,BUSINESS
PAYEE-017,Kwame Silva,INDIVIDUAL
PAYEE-018,Kwame Johnson,INDIVIDUAL
PAYEE-019,Beacon Partners,BUSINESS
PAYEE-020,Nora Silva,INDIVIDUAL
PAYEE-021,Sofia Ahmed,INDIVIDUAL
PAYEE-022,Harbor Trading Co,BUSINESS
PAYEE-023,Cedar Imports,BUSINESS
PAYEE-024,Sanjay Garcia,INDIVIDUAL
PAYEE-025,Foundry Systems,BUSINESS
